x-axis,1
second,Volt
-2.500000E+00,+5.743216E+00
-2.497500E+00,+5.713387E+00
-2.495000E+00,+5.714030E+00
-2.492500E+00,+5.723115E+00
-2.490000E+00,+5.722472E+00
-2.487500E+00,+5.728945E+00
-2.485000E+00,+5.703015E+00
-2.482500E+00,+5.703015E+00
-2.480000E+00,+5.739357E+00
-2.477500E+00,+5.703015E+00
-2.475000E+00,+5.708241E+00
-2.472500E+00,+5.703015E+00
-2.470000E+00,+5.757528E+00
-2.467500E+00,+5.723115E+00
-2.465000E+00,+5.743216E+00
-2.462500E+00,+5.685528E+00
-2.460000E+00,+5.717970E+00
-2.457500E+00,+5.727698E+00
-2.455000E+00,+5.715960E+00
-2.452500E+00,+5.723115E+00
-2.450000E+00,+5.723115E+00
-2.447500E+00,+5.731517E+00
-2.445000E+00,+5.709528E+00
-2.442500E+00,+5.740563E+00
-2.440000E+00,+5.739357E+00
-2.437500E+00,+5.730151E+00
-2.435000E+00,+5.743216E+00
-2.432500E+00,+5.664864E+00
-2.430000E+00,+5.712020E+00
-2.427500E+00,+5.732080E+00
-2.425000E+00,+5.733568E+00
-2.422500E+00,+5.723156E+00
-2.420000E+00,+5.723115E+00
-2.417500E+00,+5.703015E+00
-2.415000E+00,+5.749568E+00
-2.412500E+00,+5.723718E+00
-2.410000E+00,+5.728904E+00
-2.407500E+00,+5.706713E+00
-2.405000E+00,+5.739276E+00
-2.402500E+00,+5.778432E+00
-2.400000E+00,+5.716683E+00
-2.397500E+00,+5.719980E+00
-2.395000E+00,+5.719819E+00
-2.392500E+00,+5.725005E+00
-2.390000E+00,+5.703015E+00
-2.387500E+00,+5.743216E+00
-2.385000E+00,+5.745869E+00
-2.382500E+00,+5.715517E+00
-2.380000E+00,+5.723115E+00
-2.377500E+00,+5.748925E+00
-2.375000E+00,+5.705025E+00
-2.372500E+00,+5.723115E+00
-2.370000E+00,+5.731477E+00
-2.367500E+00,+5.716121E+00
-2.365000E+00,+5.745950E+00
-2.362500E+00,+5.723115E+00
-2.360000E+00,+5.756402E+00
-2.357500E+00,+5.737306E+00
-2.355000E+00,+5.723115E+00
-2.352500E+00,+5.691839E+00
-2.350000E+00,+5.723919E+00
-2.347500E+00,+5.703980E+00
-2.345000E+00,+5.743216E+00
-2.342500E+00,+5.733327E+00
-2.340000E+00,+5.732925E+00
-2.337500E+00,+5.718492E+00
-2.335000E+00,+5.742653E+00
-2.332500E+00,+5.737467E+00
-2.330000E+00,+5.721347E+00
-2.327500E+00,+5.719136E+00
-2.325000E+00,+5.742010E+00
-2.322500E+00,+5.736824E+00
-2.320000E+00,+5.723115E+00
-2.317500E+00,+5.726452E+00
-2.315000E+00,+5.721266E+00
-2.312500E+00,+5.729146E+00
-2.310000E+00,+5.738874E+00
-2.307500E+00,+5.705708E+00
-2.305000E+00,+5.700523E+00
-2.302500E+00,+5.747960E+00
-2.300000E+00,+5.703015E+00
-2.297500E+00,+5.721065E+00
-2.295000E+00,+5.736945E+00
-2.292500E+00,+5.723115E+00
-2.290000E+00,+5.716201E+00
-2.287500E+00,+5.725930E+00
-2.285000E+00,+5.699236E+00
-2.282500E+00,+5.732080E+00
-2.280000E+00,+5.708965E+00
-2.277500E+00,+5.703779E+00
-2.275000E+00,+5.738794E+00
-2.272500E+00,+5.752824E+00
-2.270000E+00,+5.692402E+00
-2.267500E+00,+5.722874E+00
-2.265000E+00,+5.713146E+00
-2.262500E+00,+5.732965E+00
-2.260000E+00,+5.753990E+00
-2.257500E+00,+5.724683E+00
-2.255000E+00,+5.708724E+00
-2.252500E+00,+5.752422E+00
-2.250000E+00,+5.715075E+00
-2.247500E+00,+5.740884E+00
-2.245000E+00,+5.689266E+00
-2.242500E+00,+5.720141E+00
-2.240000E+00,+5.723115E+00
-2.237500E+00,+5.704824E+00
-2.235000E+00,+5.689909E+00
-2.232500E+00,+5.710935E+00
-2.230000E+00,+5.717648E+00
-2.227500E+00,+5.705467E+00
-2.225000E+00,+5.730754E+00
-2.222500E+00,+5.737668E+00
-2.220000E+00,+5.743216E+00
-2.217500E+00,+5.723115E+00
-2.215000E+00,+5.714834E+00
-2.212500E+00,+5.703015E+00
-2.210000E+00,+5.704462E+00
-2.207500E+00,+5.697869E+00
-2.205000E+00,+5.723115E+00
-2.202500E+00,+5.737226E+00
-2.200000E+00,+5.684523E+00
-2.197500E+00,+5.698633E+00
-2.195000E+00,+5.723115E+00
-2.192500E+00,+5.693608E+00
-2.190000E+00,+5.703176E+00
-2.187500E+00,+5.697990E+00
-2.185000E+00,+5.703337E+00
-2.182500E+00,+5.727819E+00
-2.180000E+00,+5.723115E+00
-2.177500E+00,+5.711779E+00
-2.175000E+00,+5.723115E+00
-2.172500E+00,+5.699156E+00
-2.170000E+00,+5.762191E+00
-2.167500E+00,+5.716804E+00
-2.165000E+00,+5.723115E+00
-2.162500E+00,+5.706432E+00
-2.160000E+00,+5.743216E+00
-2.157500E+00,+5.723115E+00
-2.155000E+00,+5.735256E+00
-2.152500E+00,+5.717568E+00
-2.150000E+00,+5.743216E+00
-2.147500E+00,+5.707919E+00
-2.145000E+00,+5.748683E+00
-2.142500E+00,+5.723115E+00
-2.140000E+00,+5.689025E+00
-2.137500E+00,+5.734975E+00
-2.135000E+00,+5.716362E+00
-2.132500E+00,+5.726090E+00
-2.130000E+00,+5.682914E+00
-2.127500E+00,+5.743216E+00
-2.125000E+00,+5.694975E+00
-2.122500E+00,+5.703859E+00
-2.120000E+00,+5.727457E+00
-2.117500E+00,+5.693487E+00
-2.115000E+00,+5.728502E+00
-2.112500E+00,+5.703417E+00
-2.110000E+00,+5.733085E+00
-2.107500E+00,+5.712945E+00
-2.105000E+00,+5.758573E+00
-2.102500E+00,+5.684241E+00
-2.100000E+00,+5.717487E+00
-2.097500E+00,+5.723115E+00
-2.095000E+00,+5.723115E+00
-2.092500E+00,+5.724201E+00
-2.090000E+00,+5.715558E+00
-2.087500E+00,+5.731759E+00
-2.085000E+00,+5.706472E+00
-2.082500E+00,+5.763316E+00
-2.080000E+00,+5.743216E+00
-2.077500E+00,+5.715115E+00
-2.075000E+00,+5.688543E+00
-2.072500E+00,+5.725487E+00
-2.070000E+00,+5.703015E+00
-2.067500E+00,+5.745186E+00
-2.065000E+00,+5.705186E+00
-2.062500E+00,+5.703015E+00
-2.060000E+00,+5.746914E+00
-2.057500E+00,+5.723115E+00
-2.055000E+00,+5.744744E+00
-2.052500E+00,+5.690231E+00
-2.050000E+00,+5.752060E+00
-2.047500E+00,+5.703015E+00
-2.045000E+00,+5.704784E+00
-2.042500E+00,+5.723115E+00
-2.040000E+00,+5.703015E+00
-2.037500E+00,+5.673668E+00
-2.035000E+00,+5.703497E+00
-2.032500E+00,+5.738271E+00
-2.030000E+00,+5.723115E+00
-2.027500E+00,+5.707799E+00
-2.025000E+00,+5.742814E+00
-2.022500E+00,+5.703015E+00
-2.020000E+00,+5.724563E+00
-2.017500E+00,+5.718975E+00
-2.015000E+00,+5.685005E+00
-2.012500E+00,+5.723115E+00
-2.010000E+00,+5.711698E+00
-2.007500E+00,+5.723115E+00
-2.005000E+00,+5.706392E+00
-2.002500E+00,+5.716241E+00
-2.000000E+00,+5.735176E+00
-1.997500E+00,+5.700161E+00
-1.995000E+00,+5.720784E+00
-1.992500E+00,+5.708080E+00
-1.990000E+00,+5.708322E+00
-1.987500E+00,+5.720904E+00
-1.985000E+00,+5.726090E+00
-1.982500E+00,+5.743216E+00
-1.980000E+00,+5.729708E+00
-1.977500E+00,+5.740080E+00
-1.975000E+00,+5.726734E+00
-1.972500E+00,+5.734412E+00
-1.970000E+00,+5.737105E+00
-1.967500E+00,+5.703015E+00
-1.965000E+00,+5.703015E+00
-1.962500E+00,+5.704221E+00
-1.960000E+00,+5.688382E+00
-1.957500E+00,+5.723397E+00
-1.955000E+00,+5.743216E+00
-1.952500E+00,+5.703095E+00
-1.950000E+00,+5.738392E+00
-1.947500E+00,+5.704100E+00
-1.945000E+00,+5.714110E+00
-1.942500E+00,+5.703015E+00
-1.940000E+00,+5.734854E+00
-1.937500E+00,+5.681909E+00
-1.935000E+00,+5.716925E+00
-1.932500E+00,+5.743216E+00
-1.930000E+00,+5.723115E+00
-1.927500E+00,+5.721467E+00
-1.925000E+00,+5.716683E+00
-1.922500E+00,+5.727055E+00
-1.920000E+00,+5.708804E+00
-1.917500E+00,+5.723115E+00
-1.915000E+00,+5.735739E+00
-1.912500E+00,+5.750653E+00
-1.910000E+00,+5.725367E+00
-1.907500E+00,+5.723115E+00
-1.905000E+00,+5.731236E+00
-1.902500E+00,+5.709809E+00
-1.900000E+00,+5.703015E+00
-1.897500E+00,+5.743216E+00
-1.895000E+00,+5.711779E+00
-1.892500E+00,+5.701367E+00
-1.890000E+00,+5.703980E+00
-1.887500E+00,+5.718894E+00
-1.885000E+00,+5.723115E+00
-1.882500E+00,+5.737708E+00
-1.880000E+00,+5.703337E+00
-1.877500E+00,+5.758452E+00
-1.875000E+00,+5.723115E+00
-1.872500E+00,+5.733487E+00
-1.870000E+00,+5.723115E+00
-1.867500E+00,+5.717608E+00
-1.865000E+00,+5.733809E+00
-1.862500E+00,+5.770754E+00
-1.860000E+00,+5.685809E+00
-1.857500E+00,+5.716965E+00
-1.855000E+00,+5.694251E+00
-1.852500E+00,+5.726693E+00
-1.850000E+00,+5.760100E+00
-1.847500E+00,+5.709809E+00
-1.845000E+00,+5.755196E+00
-1.842500E+00,+5.726050E+00
-1.840000E+00,+5.743216E+00
-1.837500E+00,+5.741005E+00
-1.835000E+00,+5.717970E+00
-1.832500E+00,+5.705306E+00
-1.830000E+00,+5.694492E+00
-1.827500E+00,+5.707156E+00
-1.825000E+00,+5.696583E+00
-1.822500E+00,+5.719819E+00
-1.820000E+00,+5.723115E+00
-1.817500E+00,+5.714392E+00
-1.815000E+00,+5.675196E+00
-1.812500E+00,+5.760301E+00
-1.810000E+00,+5.723115E+00
-1.807500E+00,+5.743216E+00
-1.805000E+00,+5.743216E+00
-1.802500E+00,+5.743216E+00
-1.800000E+00,+5.753668E+00
-1.797500E+00,+5.723115E+00
-1.795000E+00,+5.728020E+00
-1.792500E+00,+5.684040E+00
-1.790000E+00,+5.688382E+00
-1.787500E+00,+5.723115E+00
-1.785000E+00,+5.703015E+00
-1.782500E+00,+5.724040E+00
-1.780000E+00,+5.749327E+00
-1.777500E+00,+5.723115E+00
-1.775000E+00,+5.726734E+00
-1.772500E+00,+5.706151E+00
-1.770000E+00,+5.729708E+00
-1.767500E+00,+5.739437E+00
-1.765000E+00,+5.754392E+00
-1.762500E+00,+5.685126E+00
-1.760000E+00,+5.735819E+00
-1.757500E+00,+5.720663E+00
-1.755000E+00,+5.756322E+00
-1.752500E+00,+5.708724E+00
-1.750000E+00,+5.719095E+00
-1.747500E+00,+5.722593E+00
-1.745000E+00,+5.738151E+00
-1.742500E+00,+5.719618E+00
-1.740000E+00,+5.772000E+00
-1.737500E+00,+5.689146E+00
-1.735000E+00,+5.739035E+00
-1.732500E+00,+5.726653E+00
-1.730000E+00,+5.703015E+00
-1.727500E+00,+5.766653E+00
-1.725000E+00,+5.744020E+00
-1.722500E+00,+5.717367E+00
-1.720000E+00,+5.743216E+00
-1.717500E+00,+5.707960E+00
-1.715000E+00,+5.703497E+00
-1.712500E+00,+5.723115E+00
-1.710000E+00,+5.712502E+00
-1.707500E+00,+5.711618E+00
-1.705000E+00,+5.723115E+00
-1.702500E+00,+5.723115E+00
-1.700000E+00,+5.716683E+00
-1.697500E+00,+5.732241E+00
-1.695000E+00,+5.707598E+00
-1.692500E+00,+5.709769E+00
-1.690000E+00,+5.735015E+00
-1.687500E+00,+5.694975E+00
-1.685000E+00,+5.725286E+00
-1.682500E+00,+5.680945E+00
-1.680000E+00,+5.710573E+00
-1.677500E+00,+5.743216E+00
-1.675000E+00,+5.723115E+00
-1.672500E+00,+5.723115E+00
-1.670000E+00,+5.750131E+00
-1.667500E+00,+5.741487E+00
-1.665000E+00,+5.706472E+00
-1.662500E+00,+5.711658E+00
-1.660000E+00,+5.703015E+00
-1.657500E+00,+5.723115E+00
-1.655000E+00,+5.707115E+00
-1.652500E+00,+5.764844E+00
-1.650000E+00,+5.743216E+00
-1.647500E+00,+5.724000E+00
-1.645000E+00,+5.747960E+00
-1.642500E+00,+5.713186E+00
-1.640000E+00,+5.738231E+00
-1.637500E+00,+5.762713E+00
-1.635000E+00,+5.699075E+00
-1.632500E+00,+5.692442E+00
-1.630000E+00,+5.727457E+00
-1.627500E+00,+5.741528E+00
-1.625000E+00,+5.751256E+00
-1.622500E+00,+5.714231E+00
-1.620000E+00,+5.735819E+00
-1.617500E+00,+5.703015E+00
-1.615000E+00,+5.716362E+00
-1.612500E+00,+5.723115E+00
-1.610000E+00,+5.703015E+00
-1.607500E+00,+5.743216E+00
-1.605000E+00,+5.715799E+00
-1.602500E+00,+5.718211E+00
-1.600000E+00,+5.698191E+00
-1.597500E+00,+5.775095E+00
-1.595000E+00,+5.731075E+00
-1.592500E+00,+5.716925E+00
-1.590000E+00,+5.706553E+00
-1.587500E+00,+5.703015E+00
-1.585000E+00,+5.740402E+00
-1.582500E+00,+5.695538E+00
-1.580000E+00,+5.705266E+00
-1.577500E+00,+5.747276E+00
-1.575000E+00,+5.721507E+00
-1.572500E+00,+5.708683E+00
-1.570000E+00,+5.723115E+00
-1.567500E+00,+5.738512E+00
-1.565000E+00,+5.713226E+00
-1.562500E+00,+5.723115E+00
-1.560000E+00,+5.703015E+00
-1.557500E+00,+5.723115E+00
-1.555000E+00,+5.723115E+00
-1.552500E+00,+5.723115E+00
-1.550000E+00,+5.684523E+00
-1.547500E+00,+5.703015E+00
-1.545000E+00,+5.711940E+00
-1.542500E+00,+5.730593E+00
-1.540000E+00,+5.761869E+00
-1.537500E+00,+5.709648E+00
-1.535000E+00,+5.763316E+00
-1.532500E+00,+5.740121E+00
-1.530000E+00,+5.703015E+00
-1.527500E+00,+5.715839E+00
-1.525000E+00,+5.730754E+00
-1.522500E+00,+5.703015E+00
-1.520000E+00,+5.723115E+00
-1.517500E+00,+5.755397E+00
-1.515000E+00,+5.736221E+00
-1.512500E+00,+5.703015E+00
-1.510000E+00,+5.716362E+00
-1.507500E+00,+5.723115E+00
-1.505000E+00,+5.703015E+00
-1.502500E+00,+5.724281E+00
-1.500000E+00,+5.755276E+00
-1.497500E+00,+5.713909E+00
-1.495000E+00,+5.731799E+00
-1.492500E+00,+5.683437E+00
-1.490000E+00,+5.729226E+00
-1.487500E+00,+5.722713E+00
-1.485000E+00,+5.758251E+00
-1.482500E+00,+5.743095E+00
-1.480000E+00,+5.723115E+00
-1.477500E+00,+5.713507E+00
-1.475000E+00,+5.738794E+00
-1.472500E+00,+5.664342E+00
-1.470000E+00,+5.711216E+00
-1.467500E+00,+5.720945E+00
-1.465000E+00,+5.694251E+00
-1.462500E+00,+5.685729E+00
-1.460000E+00,+5.736301E+00
-1.457500E+00,+5.734894E+00
-1.455000E+00,+5.757045E+00
-1.452500E+00,+5.721065E+00
-1.450000E+00,+5.756080E+00
-1.447500E+00,+5.718372E+00
-1.445000E+00,+5.705507E+00
-1.442500E+00,+5.723115E+00
-1.440000E+00,+5.743216E+00
-1.437500E+00,+5.736181E+00
-1.435000E+00,+5.706713E+00
-1.432500E+00,+5.723115E+00
-1.430000E+00,+5.706070E+00
-1.427500E+00,+5.703015E+00
-1.425000E+00,+5.759698E+00
-1.422500E+00,+5.747397E+00
-1.420000E+00,+5.743216E+00
-1.417500E+00,+5.708764E+00
-1.415000E+00,+5.703578E+00
-1.412500E+00,+5.733970E+00
-1.410000E+00,+5.743216E+00
-1.407500E+00,+5.723115E+00
-1.405000E+00,+5.723035E+00
-1.402500E+00,+5.758050E+00
-1.400000E+00,+5.712663E+00
-1.397500E+00,+5.738754E+00
-1.395000E+00,+5.722392E+00
-1.392500E+00,+5.737306E+00
-1.390000E+00,+5.723115E+00
-1.387500E+00,+5.698191E+00
-1.385000E+00,+5.741849E+00
-1.382500E+00,+5.763316E+00
-1.380000E+00,+5.714754E+00
-1.377500E+00,+5.723115E+00
-1.375000E+00,+5.739196E+00
-1.372500E+00,+5.736020E+00
-1.370000E+00,+5.715397E+00
-1.367500E+00,+5.725648E+00
-1.365000E+00,+5.775457E+00
-1.362500E+00,+5.751055E+00
-1.360000E+00,+5.729065E+00
-1.357500E+00,+5.741327E+00
-1.355000E+00,+5.709608E+00
-1.352500E+00,+5.754834E+00
-1.350000E+00,+5.695779E+00
-1.347500E+00,+5.704261E+00
-1.345000E+00,+5.727055E+00
-1.342500E+00,+5.723115E+00
-1.340000E+00,+5.731638E+00
-1.337500E+00,+5.684120E+00
-1.335000E+00,+5.743216E+00
-1.332500E+00,+5.713347E+00
-1.330000E+00,+5.728744E+00
-1.327500E+00,+5.783296E+00
-1.325000E+00,+5.732764E+00
-1.322500E+00,+5.723839E+00
-1.320000E+00,+5.727618E+00
-1.317500E+00,+5.724482E+00
-1.315000E+00,+5.731477E+00
-1.312500E+00,+5.723115E+00
-1.310000E+00,+5.706874E+00
-1.307500E+00,+5.721789E+00
-1.305000E+00,+5.723115E+00
-1.302500E+00,+5.719819E+00
-1.300000E+00,+5.723115E+00
-1.297500E+00,+5.739276E+00
-1.295000E+00,+5.736060E+00
-1.292500E+00,+5.732281E+00
-1.290000E+00,+5.685487E+00
-1.287500E+00,+5.743216E+00
-1.285000E+00,+5.698512E+00
-1.282500E+00,+5.703015E+00
-1.280000E+00,+5.686774E+00
-1.277500E+00,+5.739960E+00
-1.275000E+00,+5.706231E+00
-1.272500E+00,+5.696543E+00
-1.270000E+00,+5.704301E+00
-1.267500E+00,+5.723115E+00
-1.265000E+00,+5.703015E+00
-1.262500E+00,+5.731558E+00
-1.260000E+00,+5.682914E+00
-1.257500E+00,+5.723115E+00
-1.255000E+00,+5.723115E+00
-1.252500E+00,+5.678372E+00
-1.250000E+00,+5.743216E+00
-1.247500E+00,+5.743216E+00
-1.245000E+00,+5.712100E+00
-1.242500E+00,+5.729588E+00
-1.240000E+00,+5.761387E+00
-1.237500E+00,+5.740000E+00
-1.235000E+00,+5.734131E+00
-1.232500E+00,+5.735417E+00
-1.230000E+00,+5.724402E+00
-1.227500E+00,+5.703015E+00
-1.225000E+00,+5.723115E+00
-1.222500E+00,+5.746472E+00
-1.220000E+00,+5.719256E+00
-1.217500E+00,+5.716000E+00
-1.215000E+00,+5.706311E+00
-1.212500E+00,+5.705628E+00
-1.210000E+00,+5.725688E+00
-1.207500E+00,+5.718533E+00
-1.205000E+00,+5.703015E+00
-1.202500E+00,+5.721146E+00
-1.200000E+00,+5.726332E+00
-1.197500E+00,+5.706311E+00
-1.195000E+00,+5.710090E+00
-1.192500E+00,+5.706995E+00
-1.190000E+00,+5.706874E+00
-1.187500E+00,+5.703015E+00
-1.185000E+00,+5.723115E+00
-1.182500E+00,+5.703698E+00
-1.180000E+00,+5.723115E+00
-1.177500E+00,+5.713427E+00
-1.175000E+00,+5.733568E+00
-1.172500E+00,+5.723075E+00
-1.170000E+00,+5.732925E+00
-1.167500E+00,+5.713347E+00
-1.165000E+00,+5.727698E+00
-1.162500E+00,+5.702412E+00
-1.160000E+00,+5.725849E+00
-1.157500E+00,+5.704864E+00
-1.155000E+00,+5.727055E+00
-1.152500E+00,+5.720623E+00
-1.150000E+00,+5.742412E+00
-1.147500E+00,+5.711497E+00
-1.145000E+00,+5.770231E+00
-1.142500E+00,+5.688583E+00
-1.140000E+00,+5.750291E+00
-1.137500E+00,+5.730955E+00
-1.135000E+00,+5.731075E+00
-1.132500E+00,+5.728181E+00
-1.130000E+00,+5.723115E+00
-1.127500E+00,+5.703015E+00
-1.125000E+00,+5.723115E+00
-1.122500E+00,+5.723115E+00
-1.120000E+00,+5.728100E+00
-1.117500E+00,+5.723115E+00
-1.115000E+00,+5.705749E+00
-1.112500E+00,+5.739397E+00
-1.110000E+00,+5.732121E+00
-1.107500E+00,+5.714834E+00
-1.105000E+00,+5.703015E+00
-1.102500E+00,+5.734291E+00
-1.100000E+00,+5.733568E+00
-1.097500E+00,+5.743216E+00
-1.095000E+00,+5.723276E+00
-1.092500E+00,+5.713226E+00
-1.090000E+00,+5.712342E+00
-1.087500E+00,+5.754070E+00
-1.085000E+00,+5.722553E+00
-1.082500E+00,+5.723115E+00
-1.080000E+00,+5.723115E+00
-1.077500E+00,+5.723115E+00
-1.075000E+00,+5.703015E+00
-1.072500E+00,+5.735899E+00
-1.070000E+00,+5.728583E+00
-1.067500E+00,+5.729789E+00
-1.065000E+00,+5.723115E+00
-1.062500E+00,+5.723115E+00
-1.060000E+00,+5.682914E+00
-1.057500E+00,+5.705708E+00
-1.055000E+00,+5.758332E+00
-1.052500E+00,+5.705950E+00
-1.050000E+00,+5.717487E+00
-1.047500E+00,+5.739115E+00
-1.045000E+00,+5.743216E+00
-1.042500E+00,+5.711337E+00
-1.040000E+00,+5.723115E+00
-1.037500E+00,+5.760502E+00
-1.035000E+00,+5.739437E+00
-1.032500E+00,+5.723115E+00
-1.030000E+00,+5.729065E+00
-1.027500E+00,+5.702251E+00
-1.025000E+00,+5.714271E+00
-1.022500E+00,+5.733608E+00
-1.020000E+00,+5.723115E+00
-1.017500E+00,+5.703136E+00
-1.015000E+00,+5.708080E+00
-1.012500E+00,+5.722713E+00
-1.010000E+00,+5.687578E+00
-1.007500E+00,+5.742693E+00
-1.005000E+00,+5.746191E+00
-1.002500E+00,+5.718050E+00
-1.000000E+00,+5.755276E+00
-997.500E-03,+5.742050E+00
-995.000E-03,+5.722070E+00
-992.500E-03,+5.720141E+00
-990.000E-03,+5.769909E+00
-987.500E-03,+5.668241E+00
-985.000E-03,+5.703015E+00
-982.500E-03,+5.703015E+00
-980.000E-03,+5.723115E+00
-977.500E-03,+5.760864E+00
-975.000E-03,+5.718291E+00
-972.500E-03,+5.730392E+00
-970.000E-03,+5.709286E+00
-967.500E-03,+5.774131E+00
-965.000E-03,+5.751497E+00
-962.500E-03,+5.743216E+00
-960.000E-03,+5.721668E+00
-957.500E-03,+5.723115E+00
-955.000E-03,+5.743216E+00
-952.500E-03,+5.735095E+00
-950.000E-03,+5.742412E+00
-947.500E-03,+5.750171E+00
-945.000E-03,+5.731718E+00
-942.500E-03,+5.743216E+00
-940.000E-03,+5.722955E+00
-937.500E-03,+5.718090E+00
-935.000E-03,+5.743538E+00
-932.500E-03,+5.747919E+00
-930.000E-03,+5.781005E+00
-927.500E-03,+5.728784E+00
-925.000E-03,+5.723115E+00
-922.500E-03,+5.775296E+00
-920.000E-03,+5.723115E+00
-917.500E-03,+5.710492E+00
-915.000E-03,+5.726010E+00
-912.500E-03,+5.719698E+00
-910.000E-03,+5.741447E+00
-907.500E-03,+5.716161E+00
-905.000E-03,+5.690874E+00
-902.500E-03,+5.745990E+00
-900.000E-03,+5.687739E+00
-897.500E-03,+5.662814E+00
-895.000E-03,+5.710332E+00
-892.500E-03,+5.725246E+00
-890.000E-03,+5.751095E+00
-887.500E-03,+5.719497E+00
-885.000E-03,+5.709769E+00
-882.500E-03,+5.703015E+00
-880.000E-03,+5.719417E+00
-877.500E-03,+5.716563E+00
-875.000E-03,+5.703015E+00
-872.500E-03,+5.703015E+00
-870.000E-03,+5.714432E+00
-867.500E-03,+5.722070E+00
-865.000E-03,+5.723115E+00
-862.500E-03,+5.683316E+00
-860.000E-03,+5.687899E+00
-857.500E-03,+5.713427E+00
-855.000E-03,+5.738472E+00
-852.500E-03,+5.781206E+00
-850.000E-03,+5.737588E+00
-847.500E-03,+5.723115E+00
-845.000E-03,+5.727216E+00
-842.500E-03,+5.742131E+00
-840.000E-03,+5.675357E+00
-837.500E-03,+5.766131E+00
-835.000E-03,+5.693286E+00
-832.500E-03,+5.761588E+00
-830.000E-03,+5.762673E+00
-827.500E-03,+5.711015E+00
-825.000E-03,+5.720301E+00
-822.500E-03,+5.758573E+00
-820.000E-03,+5.743216E+00
-817.500E-03,+5.715759E+00
-815.000E-03,+5.741045E+00
-812.500E-03,+5.723115E+00
-810.000E-03,+5.703015E+00
-807.500E-03,+5.709729E+00
-805.000E-03,+5.723115E+00
-802.500E-03,+5.693889E+00
-800.000E-03,+5.711859E+00
-797.500E-03,+5.695055E+00
-795.000E-03,+5.742332E+00
-792.500E-03,+5.734613E+00
-790.000E-03,+5.723115E+00
-787.500E-03,+5.728543E+00
-785.000E-03,+5.723115E+00
-782.500E-03,+5.758372E+00
-780.000E-03,+5.743377E+00
-777.500E-03,+5.738432E+00
-775.000E-03,+5.742412E+00
-772.500E-03,+5.757729E+00
-770.000E-03,+5.723115E+00
-767.500E-03,+5.715437E+00
-765.000E-03,+5.744261E+00
-762.500E-03,+5.750854E+00
-760.000E-03,+5.740482E+00
-757.500E-03,+5.723115E+00
-755.000E-03,+5.704703E+00
-752.500E-03,+5.743216E+00
-750.000E-03,+5.711055E+00
-747.500E-03,+5.697186E+00
-745.000E-03,+5.743216E+00
-742.500E-03,+5.743216E+00
-740.000E-03,+5.735819E+00
-737.500E-03,+5.743216E+00
-735.000E-03,+5.726090E+00
-732.500E-03,+5.723115E+00
-730.000E-03,+5.743055E+00
-727.500E-03,+5.740080E+00
-725.000E-03,+5.726734E+00
-722.500E-03,+5.731919E+00
-720.000E-03,+5.703015E+00
-717.500E-03,+5.743216E+00
-715.000E-03,+5.730432E+00
-712.500E-03,+5.692362E+00
-710.000E-03,+5.761548E+00
-707.500E-03,+5.743216E+00
-705.000E-03,+5.753507E+00
-702.500E-03,+5.713025E+00
-700.000E-03,+5.748844E+00
-697.500E-03,+5.684724E+00
-695.000E-03,+5.752221E+00
-692.500E-03,+5.744583E+00
-690.000E-03,+5.695457E+00
-687.500E-03,+5.646734E+00
-685.000E-03,+5.735497E+00
-682.500E-03,+5.709085E+00
-680.000E-03,+5.739678E+00
-677.500E-03,+5.723115E+00
-675.000E-03,+5.689749E+00
-672.500E-03,+5.730995E+00
-670.000E-03,+5.688703E+00
-667.500E-03,+5.723115E+00
-665.000E-03,+5.690392E+00
-662.500E-03,+5.723115E+00
-660.000E-03,+5.723115E+00
-657.500E-03,+5.720181E+00
-655.000E-03,+5.719256E+00
-652.500E-03,+5.723115E+00
-650.000E-03,+5.719899E+00
-647.500E-03,+5.739638E+00
-645.000E-03,+5.691678E+00
-642.500E-03,+5.729266E+00
-640.000E-03,+5.743216E+00
-637.500E-03,+5.743216E+00
-635.000E-03,+5.712422E+00
-632.500E-03,+5.737708E+00
-630.000E-03,+5.722794E+00
-627.500E-03,+5.718251E+00
-625.000E-03,+5.743216E+00
-622.500E-03,+5.707879E+00
-620.000E-03,+5.762995E+00
-617.500E-03,+5.734131E+00
-615.000E-03,+5.733809E+00
-612.500E-03,+5.743216E+00
-610.000E-03,+5.722151E+00
-607.500E-03,+5.723115E+00
-605.000E-03,+5.709206E+00
-602.500E-03,+5.715960E+00
-600.000E-03,+5.741608E+00
-597.500E-03,+5.689708E+00
-595.000E-03,+5.735095E+00
-592.500E-03,+5.740281E+00
-590.000E-03,+5.703015E+00
-587.500E-03,+5.703015E+00
-585.000E-03,+5.730593E+00
-582.500E-03,+5.720824E+00
-580.000E-03,+5.726010E+00
-577.500E-03,+5.743216E+00
-575.000E-03,+5.716281E+00
-572.500E-03,+5.723115E+00
-570.000E-03,+5.706553E+00
-567.500E-03,+5.720462E+00
-565.000E-03,+5.715397E+00
-562.500E-03,+5.704020E+00
-560.000E-03,+5.719739E+00
-557.500E-03,+5.703015E+00
-555.000E-03,+5.721025E+00
-552.500E-03,+5.683276E+00
-550.000E-03,+5.707839E+00
-547.500E-03,+5.733206E+00
-545.000E-03,+5.707919E+00
-542.500E-03,+5.742653E+00
-540.000E-03,+5.708482E+00
-537.500E-03,+5.713668E+00
-535.000E-03,+5.723115E+00
-532.500E-03,+5.761467E+00
-530.000E-03,+5.709126E+00
-527.500E-03,+5.716804E+00
-525.000E-03,+5.693769E+00
-522.500E-03,+5.763316E+00
-520.000E-03,+5.723115E+00
-517.500E-03,+5.735055E+00
-515.000E-03,+5.757367E+00
-512.500E-03,+5.723115E+00
-510.000E-03,+5.730512E+00
-507.500E-03,+5.715598E+00
-505.000E-03,+5.710010E+00
-502.500E-03,+5.723115E+00
-500.000E-03,+5.715075E+00
-497.500E-03,+5.716764E+00
-495.000E-03,+5.761628E+00
-492.500E-03,+5.719618E+00
-490.000E-03,+5.743216E+00
-487.500E-03,+5.709246E+00
-485.000E-03,+5.705105E+00
-482.500E-03,+5.723115E+00
-480.000E-03,+5.723115E+00
-477.500E-03,+5.685166E+00
-475.000E-03,+5.683718E+00
-472.500E-03,+5.697266E+00
-470.000E-03,+5.743377E+00
-467.500E-03,+5.707960E+00
-465.000E-03,+5.723357E+00
-462.500E-03,+5.723115E+00
-460.000E-03,+5.730352E+00
-457.500E-03,+5.718814E+00
-455.000E-03,+5.725769E+00
-452.500E-03,+5.717045E+00
-450.000E-03,+5.743216E+00
-447.500E-03,+5.706673E+00
-445.000E-03,+5.740161E+00
-442.500E-03,+5.709729E+00
-440.000E-03,+5.719417E+00
-437.500E-03,+5.723115E+00
-435.000E-03,+5.703015E+00
-432.500E-03,+5.723115E+00
-430.000E-03,+5.735658E+00
-427.500E-03,+5.738472E+00
-425.000E-03,+5.705829E+00
-422.500E-03,+5.747316E+00
-420.000E-03,+5.723115E+00
-417.500E-03,+5.743216E+00
-415.000E-03,+5.716844E+00
-412.500E-03,+5.705829E+00
-410.000E-03,+5.743216E+00
-407.500E-03,+5.742131E+00
-405.000E-03,+5.743216E+00
-402.500E-03,+5.733930E+00
-400.000E-03,+5.746432E+00
-397.500E-03,+5.763316E+00
-395.000E-03,+5.693528E+00
-392.500E-03,+5.743216E+00
-390.000E-03,+5.748201E+00
-387.500E-03,+5.723517E+00
-385.000E-03,+5.747156E+00
-382.500E-03,+5.724161E+00
-380.000E-03,+5.738874E+00
-377.500E-03,+5.743216E+00
-375.000E-03,+5.743216E+00
-372.500E-03,+5.723115E+00
-370.000E-03,+5.726814E+00
-367.500E-03,+5.704502E+00
-365.000E-03,+5.736543E+00
-362.500E-03,+5.711256E+00
-360.000E-03,+5.692080E+00
-357.500E-03,+5.774894E+00
-355.000E-03,+5.717648E+00
-352.500E-03,+5.730713E+00
-350.000E-03,+5.685327E+00
-347.500E-03,+5.720342E+00
-345.000E-03,+5.731075E+00
-342.500E-03,+5.709970E+00
-340.000E-03,+5.701246E+00
-337.500E-03,+5.726533E+00
-335.000E-03,+5.751819E+00
-332.500E-03,+5.729427E+00
-330.000E-03,+5.742090E+00
-327.500E-03,+5.727176E+00
-325.000E-03,+5.743216E+00
-322.500E-03,+5.731879E+00
-320.000E-03,+5.741769E+00
-317.500E-03,+5.723115E+00
-315.000E-03,+5.743216E+00
-312.500E-03,+5.733166E+00
-310.000E-03,+5.743216E+00
-307.500E-03,+5.733809E+00
-305.000E-03,+5.744181E+00
-302.500E-03,+5.707397E+00
-300.000E-03,+5.724724E+00
-297.500E-03,+5.723115E+00
-295.000E-03,+5.711940E+00
-292.500E-03,+5.746955E+00
-290.000E-03,+5.720221E+00
-287.500E-03,+5.689548E+00
-285.000E-03,+5.706553E+00
-282.500E-03,+5.713829E+00
-280.000E-03,+5.741126E+00
-277.500E-03,+5.735940E+00
-275.000E-03,+5.743216E+00
-272.500E-03,+5.723115E+00
-270.000E-03,+5.725849E+00
-267.500E-03,+5.706673E+00
-265.000E-03,+5.743216E+00
-262.500E-03,+5.721306E+00
-260.000E-03,+5.719739E+00
-257.500E-03,+5.743216E+00
-255.000E-03,+5.701970E+00
-252.500E-03,+5.723115E+00
-250.000E-03,+5.723115E+00
-247.500E-03,+5.724804E+00
-245.000E-03,+5.737507E+00
-242.500E-03,+5.742693E+00
-240.000E-03,+5.723115E+00
-237.500E-03,+5.743216E+00
-235.000E-03,+5.778352E+00
-232.500E-03,+5.683156E+00
-230.000E-03,+5.723115E+00
-227.500E-03,+5.712623E+00
-225.000E-03,+5.723115E+00
-222.500E-03,+5.743216E+00
-220.000E-03,+5.717166E+00
-217.500E-03,+5.703015E+00
-215.000E-03,+5.735658E+00
-212.500E-03,+5.723115E+00
-210.000E-03,+5.696422E+00
-207.500E-03,+5.734894E+00
-205.000E-03,+5.689186E+00
-202.500E-03,+5.684965E+00
-200.000E-03,+5.704623E+00
-197.500E-03,+5.727859E+00
-195.000E-03,+5.743216E+00
-192.500E-03,+5.723115E+00
-190.000E-03,+5.695136E+00
-187.500E-03,+5.750251E+00
-185.000E-03,+5.723115E+00
-182.500E-03,+5.739879E+00
-180.000E-03,+5.717005E+00
-177.500E-03,+5.710332E+00
-175.000E-03,+5.721909E+00
-172.500E-03,+5.719136E+00
-170.000E-03,+5.703015E+00
-167.500E-03,+5.723115E+00
-165.000E-03,+5.723115E+00
-162.500E-03,+5.743216E+00
-160.000E-03,+5.732925E+00
-157.500E-03,+5.738110E+00
-155.000E-03,+5.763156E+00
-152.500E-03,+5.717849E+00
-150.000E-03,+5.723920E+00
-147.500E-03,+5.734291E+00
-145.000E-03,+5.742492E+00
-142.500E-03,+5.737306E+00
-140.000E-03,+5.723115E+00
-137.500E-03,+5.739397E+00
-135.000E-03,+5.741849E+00
-132.500E-03,+5.696462E+00
-130.000E-03,+5.723115E+00
-127.500E-03,+5.726291E+00
-125.000E-03,+5.723115E+00
-122.500E-03,+5.708724E+00
-120.000E-03,+5.718452E+00
-117.500E-03,+5.720583E+00
-115.000E-03,+5.737909E+00
-112.500E-03,+5.735377E+00
-110.000E-03,+5.724241E+00
-107.500E-03,+5.721226E+00
-105.000E-03,+5.729708E+00
-102.500E-03,+5.726251E+00
-100.000E-03,+5.709447E+00
-97.500E-03,+5.684161E+00
-95.000E-03,+5.727055E+00
-92.500E-03,+5.723115E+00
-90.000E-03,+5.708804E+00
-87.500E-03,+5.724322E+00
-85.000E-03,+5.723115E+00
-82.500E-03,+5.732884E+00
-80.000E-03,+5.688060E+00
-77.500E-03,+5.743296E+00
-75.000E-03,+5.697789E+00
-72.500E-03,+5.753628E+00
-70.000E-03,+5.738713E+00
-67.500E-03,+5.705065E+00
-65.000E-03,+5.737347E+00
-62.500E-03,+5.741206E+00
-60.000E-03,+5.730834E+00
-57.500E-03,+5.727095E+00
-55.000E-03,+5.689427E+00
-52.500E-03,+5.763316E+00
-50.000E-03,+5.740000E+00
-47.500E-03,+5.701045E+00
-45.000E-03,+5.715960E+00
-42.500E-03,+5.718533E+00
-40.000E-03,+5.705588E+00
-37.500E-03,+5.758090E+00
-35.000E-03,+5.715316E+00
-32.500E-03,+5.743216E+00
-30.000E-03,+5.739357E+00
-27.500E-03,+5.050030E+00
-25.000E-03,+4.930754E+00
-22.500E-03,+4.939196E+00
-20.000E-03,+4.939196E+00
-17.500E-03,+4.926894E+00
-15.000E-03,+4.854935E+00
-12.500E-03,+4.838693E+00
-10.000E-03,+4.858151E+00
-7.500E-03,+4.838693E+00
-5.000E-03,+4.878894E+00
-2.500E-03,+4.848422E+00
-0.0E+00,+4.657789E+00
+2.500E-03,+4.617588E+00
+5.000E-03,+4.678533E+00
+7.500E-03,+4.671417E+00
+10.000E-03,+4.698633E+00
+12.500E-03,+4.798492E+00
+15.000E-03,+4.696060E+00
+17.500E-03,+4.681789E+00
+20.000E-03,+4.719377E+00
+22.500E-03,+4.758291E+00
+25.000E-03,+4.801708E+00
+27.500E-03,+4.784904E+00
+30.000E-03,+4.822452E+00
+32.500E-03,+5.122593E+00
+35.000E-03,+4.911296E+00
+37.500E-03,+4.944422E+00
+40.000E-03,+5.110291E+00
+42.500E-03,+5.164884E+00
+45.000E-03,+4.919095E+00
+47.500E-03,+4.985306E+00
+50.000E-03,+5.093568E+00
+52.500E-03,+5.269206E+00
+55.000E-03,+4.973447E+00
+57.500E-03,+4.920422E+00
+60.000E-03,+5.072181E+00
+62.500E-03,+5.262814E+00
+65.000E-03,+4.981889E+00
+67.500E-03,+4.921146E+00
+70.000E-03,+5.200502E+00
+72.500E-03,+5.037528E+00
+75.000E-03,+4.984623E+00
+77.500E-03,+5.100080E+00
+80.000E-03,+5.039698E+00
+82.500E-03,+4.939759E+00
+85.000E-03,+4.919095E+00
+87.500E-03,+5.059196E+00
+90.000E-03,+4.901729E+00
+92.500E-03,+4.909970E+00
+95.000E-03,+5.019598E+00
+97.500E-03,+5.040945E+00
+100.000E-03,+5.248744E+00
+102.500E-03,+5.148683E+00
+105.000E-03,+4.925688E+00
+107.500E-03,+5.003276E+00
+110.000E-03,+5.092925E+00
+112.500E-03,+5.024020E+00
+115.000E-03,+5.140201E+00
+117.500E-03,+5.059799E+00
+120.000E-03,+5.225266E+00
+122.500E-03,+5.013889E+00
+125.000E-03,+5.057789E+00
+127.500E-03,+5.096824E+00
+130.000E-03,+5.341206E+00
+132.500E-03,+5.354311E+00
+135.000E-03,+5.343940E+00
+137.500E-03,+5.337387E+00
+140.000E-03,+5.352301E+00
+142.500E-03,+5.367216E+00
+145.000E-03,+5.341206E+00
+147.500E-03,+5.354593E+00
+150.000E-03,+5.361306E+00
+152.500E-03,+5.350774E+00
+155.000E-03,+5.361306E+00
+157.500E-03,+5.346311E+00
+160.000E-03,+5.381407E+00
+162.500E-03,+5.365930E+00
+165.000E-03,+5.380844E+00
+167.500E-03,+5.404362E+00
+170.000E-03,+5.379638E+00
+172.500E-03,+5.389367E+00
+175.000E-03,+5.419196E+00
+177.500E-03,+5.396040E+00
+180.000E-03,+5.381407E+00
+182.500E-03,+5.361306E+00
+185.000E-03,+5.399658E+00
+187.500E-03,+5.396482E+00
+190.000E-03,+5.409387E+00
+192.500E-03,+5.378713E+00
+195.000E-03,+5.421608E+00
+197.500E-03,+5.368985E+00
+200.000E-03,+5.387035E+00
+202.500E-03,+5.385507E+00
+205.000E-03,+5.401507E+00
+207.500E-03,+5.401507E+00
+210.000E-03,+5.361306E+00
+212.500E-03,+5.402914E+00
+215.000E-03,+5.409065E+00
+217.500E-03,+5.390372E+00
+220.000E-03,+5.421608E+00
+222.500E-03,+5.501246E+00
+225.000E-03,+5.602512E+00
+227.500E-03,+5.641829E+00
+230.000E-03,+5.607819E+00
+232.500E-03,+5.642593E+00
+235.000E-03,+5.627678E+00
+237.500E-03,+5.632864E+00
+240.000E-03,+5.658151E+00
+242.500E-03,+5.622613E+00
+245.000E-03,+5.671497E+00
+247.500E-03,+5.633507E+00
+250.000E-03,+5.136181E+00
+252.500E-03,+4.901327E+00
+255.000E-03,+4.905347E+00
+257.500E-03,+4.887457E+00
+260.000E-03,+4.858794E+00
+262.500E-03,+4.840502E+00
+265.000E-03,+4.851799E+00
+267.500E-03,+4.834432E+00
+270.000E-03,+4.838693E+00
+272.500E-03,+4.841146E+00
+275.000E-03,+4.838693E+00
+277.500E-03,+4.723638E+00
+280.000E-03,+4.543457E+00
+282.500E-03,+4.637688E+00
+285.000E-03,+4.765367E+00
+287.500E-03,+4.691357E+00
+290.000E-03,+4.654894E+00
+292.500E-03,+4.867678E+00
+295.000E-03,+5.010673E+00
+297.500E-03,+4.844683E+00
+300.000E-03,+5.082311E+00
+302.500E-03,+4.870131E+00
+305.000E-03,+4.817628E+00
+307.500E-03,+5.129507E+00
+310.000E-03,+4.919095E+00
+312.500E-03,+4.949246E+00
+315.000E-03,+4.848904E+00
+317.500E-03,+4.928502E+00
+320.000E-03,+5.060764E+00
+322.500E-03,+4.953628E+00
+325.000E-03,+4.987035E+00
+327.500E-03,+4.894935E+00
+330.000E-03,+4.938070E+00
+332.500E-03,+4.946673E+00
+335.000E-03,+5.013809E+00
+337.500E-03,+5.180402E+00
+340.000E-03,+5.056261E+00
+342.500E-03,+4.973206E+00
+345.000E-03,+5.140201E+00
+347.500E-03,+5.100000E+00
+350.000E-03,+5.037286E+00
+352.500E-03,+5.165206E+00
+355.000E-03,+5.021447E+00
+357.500E-03,+4.939196E+00
+360.000E-03,+5.191337E+00
+362.500E-03,+5.026834E+00
+365.000E-03,+4.999497E+00
+367.500E-03,+5.174452E+00
+370.000E-03,+5.056100E+00
+372.500E-03,+5.088784E+00
+375.000E-03,+5.039698E+00
+377.500E-03,+5.118412E+00
+380.000E-03,+5.120100E+00
+382.500E-03,+5.070372E+00
+385.000E-03,+5.100000E+00
+387.500E-03,+5.079899E+00
+390.000E-03,+5.049829E+00
+392.500E-03,+5.179919E+00
+395.000E-03,+5.055055E+00
+397.500E-03,+5.120100E+00
+400.000E-03,+5.143417E+00
+402.500E-03,+5.048985E+00
+405.000E-03,+5.036000E+00
+407.500E-03,+5.082070E+00
+410.000E-03,+5.180402E+00
+412.500E-03,+5.100000E+00
+415.000E-03,+5.197045E+00
+417.500E-03,+5.063256E+00
+420.000E-03,+5.052884E+00
+422.500E-03,+5.120100E+00
+425.000E-03,+5.163115E+00
+427.500E-03,+5.034955E+00
+430.000E-03,+5.205487E+00
+432.500E-03,+5.112744E+00
+435.000E-03,+5.061970E+00
+437.500E-03,+5.059799E+00
+440.000E-03,+5.088100E+00
+442.500E-03,+5.240703E+00
+445.000E-03,+5.058271E+00
+447.500E-03,+5.136543E+00
+450.000E-03,+5.042110E+00
+452.500E-03,+5.112141E+00
+455.000E-03,+5.100000E+00
+457.500E-03,+5.091397E+00
+460.000E-03,+5.019598E+00
+462.500E-03,+5.182010E+00
+465.000E-03,+5.100724E+00
+467.500E-03,+5.155357E+00
+470.000E-03,+5.140362E+00
+472.500E-03,+5.049266E+00
+475.000E-03,+5.060201E+00
+477.500E-03,+5.100000E+00
+480.000E-03,+5.231377E+00
+482.500E-03,+5.111819E+00
+485.000E-03,+5.083035E+00
+487.500E-03,+5.067437E+00
+490.000E-03,+5.160301E+00
+492.500E-03,+5.090392E+00
+495.000E-03,+5.120100E+00
+497.500E-03,+5.167176E+00
+500.000E-03,+5.083920E+00
+502.500E-03,+5.065507E+00
+505.000E-03,+5.200502E+00
+507.500E-03,+5.067316E+00
+510.000E-03,+5.255497E+00
+512.500E-03,+5.122311E+00
+515.000E-03,+5.189327E+00
+517.500E-03,+5.184784E+00
+520.000E-03,+5.113347E+00
+522.500E-03,+5.135497E+00
+525.000E-03,+5.026834E+00
+527.500E-03,+5.079899E+00
+530.000E-03,+5.092121E+00
+532.500E-03,+5.101849E+00
+535.000E-03,+5.088422E+00
+537.500E-03,+5.251357E+00
+540.000E-03,+5.160301E+00
+542.500E-03,+5.280623E+00
+545.000E-03,+5.114713E+00
+547.500E-03,+5.210432E+00
+550.000E-03,+5.140201E+00
+552.500E-03,+5.220965E+00
+555.000E-03,+5.116643E+00
+557.500E-03,+5.150935E+00
+560.000E-03,+5.120100E+00
+562.500E-03,+5.183417E+00
+565.000E-03,+5.092281E+00
+567.500E-03,+5.229327E+00
+570.000E-03,+5.043236E+00
+572.500E-03,+5.180402E+00
+575.000E-03,+5.053367E+00
+577.500E-03,+5.184543E+00
+580.000E-03,+5.054010E+00
+582.500E-03,+5.174050E+00
+585.000E-03,+5.029407E+00
+587.500E-03,+5.079899E+00
+590.000E-03,+5.077648E+00
+592.500E-03,+5.200502E+00
+595.000E-03,+5.007618E+00
+597.500E-03,+5.086693E+00
+600.000E-03,+5.079899E+00
+602.500E-03,+5.156724E+00
+605.000E-03,+5.071136E+00
+607.500E-03,+5.079899E+00
+610.000E-03,+5.081829E+00
+612.500E-03,+5.193065E+00
+615.000E-03,+5.061085E+00
+617.500E-03,+5.103578E+00
+620.000E-03,+5.040663E+00
+622.500E-03,+5.226110E+00
+625.000E-03,+5.079899E+00
+627.500E-03,+5.115236E+00
+630.000E-03,+5.000462E+00
+632.500E-03,+5.251719E+00
+635.000E-03,+5.069206E+00
+637.500E-03,+5.215377E+00
+640.000E-03,+5.057869E+00
+642.500E-03,+5.202151E+00
+645.000E-03,+5.062372E+00
+647.500E-03,+5.156724E+00
+650.000E-03,+5.061407E+00
+652.500E-03,+5.126894E+00
+655.000E-03,+5.079899E+00
+657.500E-03,+5.289266E+00
+660.000E-03,+5.062050E+00
+662.500E-03,+5.167739E+00
+665.000E-03,+5.052322E+00
+667.500E-03,+5.162593E+00
+670.000E-03,+5.045487E+00
+672.500E-03,+5.112020E+00
+675.000E-03,+5.073065E+00
+677.500E-03,+5.123397E+00
+680.000E-03,+5.079899E+00
+682.500E-03,+5.209226E+00
+685.000E-03,+5.065990E+00
+687.500E-03,+5.061809E+00
+690.000E-03,+5.127658E+00
+692.500E-03,+5.231337E+00
+695.000E-03,+5.036241E+00
+697.500E-03,+5.119739E+00
+700.000E-03,+5.064623E+00
+702.500E-03,+5.250794E+00
+705.000E-03,+5.079899E+00
+707.500E-03,+5.080181E+00
+710.000E-03,+5.045166E+00
+712.500E-03,+5.240703E+00
+715.000E-03,+5.043960E+00
+717.500E-03,+5.082673E+00
+720.000E-03,+5.047578E+00
+722.500E-03,+5.191698E+00
+725.000E-03,+5.089146E+00
+727.500E-03,+5.096864E+00
+730.000E-03,+5.072985E+00
+732.500E-03,+5.232543E+00
+735.000E-03,+5.073950E+00
+737.500E-03,+5.160301E+00
+740.000E-03,+5.127497E+00
+742.500E-03,+5.152784E+00
+745.000E-03,+5.021930E+00
+747.500E-03,+5.229286E+00
+750.000E-03,+5.087940E+00
+752.500E-03,+5.180925E+00
+755.000E-03,+5.163678E+00
+757.500E-03,+5.160301E+00
+760.000E-03,+5.191819E+00
+762.500E-03,+5.209548E+00
+765.000E-03,+5.122191E+00
+767.500E-03,+5.228884E+00
+770.000E-03,+5.077005E+00
+772.500E-03,+5.177065E+00
+775.000E-03,+5.059799E+00
+777.500E-03,+5.114352E+00
+780.000E-03,+5.049990E+00
+782.500E-03,+5.250593E+00
+785.000E-03,+5.119859E+00
+787.500E-03,+5.163518E+00
+790.000E-03,+5.211115E+00
+792.500E-03,+5.095698E+00
+795.000E-03,+5.041467E+00
+797.500E-03,+5.039698E+00
+800.000E-03,+5.151457E+00
+802.500E-03,+5.087216E+00
+805.000E-03,+5.297950E+00
+807.500E-03,+5.153548E+00
+810.000E-03,+5.244402E+00
+812.500E-03,+5.053769E+00
+815.000E-03,+5.274392E+00
+817.500E-03,+5.019598E+00
+820.000E-03,+5.167859E+00
+822.500E-03,+5.160301E+00
+825.000E-03,+5.240703E+00
+827.500E-03,+5.132201E+00
+830.000E-03,+5.052884E+00
+832.500E-03,+5.001226E+00
+835.000E-03,+5.297548E+00
+837.500E-03,+5.094171E+00
+840.000E-03,+5.140201E+00
+842.500E-03,+5.160301E+00
+845.000E-03,+5.136100E+00
+847.500E-03,+5.222131E+00
+850.000E-03,+5.039698E+00
+852.500E-03,+5.260804E+00
+855.000E-03,+5.120100E+00
+857.500E-03,+5.210914E+00
+860.000E-03,+5.120100E+00
+862.500E-03,+5.200301E+00
+865.000E-03,+5.065186E+00
+867.500E-03,+5.261849E+00
+870.000E-03,+4.988080E+00
+872.500E-03,+5.200502E+00
+875.000E-03,+5.154271E+00
+877.500E-03,+5.231819E+00
+880.000E-03,+5.052402E+00
+882.500E-03,+5.022573E+00
+885.000E-03,+5.066392E+00
+887.500E-03,+5.284523E+00
+890.000E-03,+5.072020E+00
+892.500E-03,+5.122231E+00
+895.000E-03,+5.067115E+00
+897.500E-03,+5.079899E+00
+900.000E-03,+5.190050E+00
+902.500E-03,+5.117327E+00
+905.000E-03,+5.148563E+00
+907.500E-03,+5.139437E+00
+910.000E-03,+5.173327E+00
+912.500E-03,+5.059799E+00
+915.000E-03,+5.128703E+00
+917.500E-03,+5.032221E+00
+920.000E-03,+5.205005E+00
+922.500E-03,+5.144060E+00
+925.000E-03,+5.109246E+00
+927.500E-03,+5.085568E+00
+930.000E-03,+5.078935E+00
+932.500E-03,+5.141487E+00
+935.000E-03,+5.191256E+00
+937.500E-03,+5.100000E+00
+940.000E-03,+5.200342E+00
+942.500E-03,+5.090593E+00
+945.000E-03,+5.111497E+00
+947.500E-03,+5.104382E+00
+950.000E-03,+5.078291E+00
+952.500E-03,+5.105990E+00
+955.000E-03,+5.120100E+00
+957.500E-03,+5.224342E+00
+960.000E-03,+5.062693E+00
+962.500E-03,+5.180000E+00
+965.000E-03,+5.026673E+00
+967.500E-03,+5.065990E+00
+970.000E-03,+5.154030E+00
+972.500E-03,+5.280904E+00
+975.000E-03,+5.112462E+00
+977.500E-03,+5.077447E+00
+980.000E-03,+5.077166E+00
+982.500E-03,+5.084161E+00
+985.000E-03,+5.093005E+00
+987.500E-03,+5.246131E+00
+990.000E-03,+5.173648E+00
+992.500E-03,+5.128663E+00
+995.000E-03,+5.079899E+00
+997.500E-03,+5.077568E+00
+1.000000E+00,+5.208543E+00
+1.002500E+00,+5.112583E+00
+1.005000E+00,+5.220603E+00
+1.007500E+00,+5.059799E+00
+1.010000E+00,+5.073789E+00
+1.012500E+00,+5.079899E+00
+1.015000E+00,+5.220442E+00
+1.017500E+00,+5.079899E+00
+1.020000E+00,+5.090512E+00
+1.022500E+00,+5.091276E+00
+1.025000E+00,+5.220603E+00
+1.027500E+00,+5.058271E+00
+1.030000E+00,+5.031497E+00
+1.032500E+00,+5.091035E+00
+1.035000E+00,+5.240703E+00
+1.037500E+00,+5.138794E+00
+1.040000E+00,+5.066070E+00
+1.042500E+00,+5.071578E+00
+1.045000E+00,+5.066070E+00
+1.047500E+00,+5.214452E+00
+1.050000E+00,+5.120100E+00
+1.052500E+00,+5.121909E+00
+1.055000E+00,+5.047176E+00
+1.057500E+00,+5.120100E+00
+1.060000E+00,+5.039698E+00
+1.062500E+00,+5.113065E+00
+1.065000E+00,+5.123799E+00
+1.067500E+00,+5.200502E+00
+1.070000E+00,+5.088422E+00
+1.072500E+00,+5.032382E+00
+1.075000E+00,+5.020804E+00
+1.077500E+00,+5.168462E+00
+1.080000E+00,+5.110935E+00
+1.082500E+00,+5.226352E+00
+1.085000E+00,+5.198251E+00
+1.087500E+00,+5.095377E+00
+1.090000E+00,+5.050472E+00
+1.092500E+00,+5.059799E+00
+1.095000E+00,+5.220764E+00
+1.097500E+00,+5.095698E+00
+1.100000E+00,+5.200502E+00
+1.102500E+00,+5.050874E+00
+1.105000E+00,+5.198332E+00
+1.107500E+00,+5.045608E+00
+1.110000E+00,+5.149206E+00
+1.112500E+00,+5.128744E+00
+1.115000E+00,+5.141568E+00
+1.117500E+00,+5.073347E+00
+1.120000E+00,+5.245688E+00
+1.122500E+00,+5.009025E+00
+1.125000E+00,+5.057789E+00
+1.127500E+00,+5.206211E+00
+1.130000E+00,+5.240703E+00
+1.132500E+00,+5.057266E+00
+1.135000E+00,+5.062452E+00
+1.137500E+00,+5.144623E+00
+1.140000E+00,+5.113025E+00
+1.142500E+00,+5.222492E+00
+1.145000E+00,+5.059799E+00
+1.147500E+00,+5.062935E+00
+1.150000E+00,+5.120904E+00
+1.152500E+00,+5.220603E+00
+1.155000E+00,+5.112221E+00
+1.157500E+00,+5.079899E+00
+1.160000E+00,+5.088422E+00
+1.162500E+00,+5.221206E+00
+1.165000E+00,+5.008663E+00
+1.167500E+00,+5.060362E+00
+1.170000E+00,+5.089708E+00
+1.172500E+00,+5.180402E+00
+1.175000E+00,+5.125327E+00
+1.177500E+00,+5.069487E+00
+1.180000E+00,+5.079899E+00
+1.182500E+00,+5.078533E+00
+1.185000E+00,+5.174533E+00
+1.187500E+00,+5.149246E+00
+1.190000E+00,+5.216744E+00
+1.192500E+00,+5.100000E+00
+1.195000E+00,+5.254854E+00
+1.197500E+00,+5.007899E+00
+1.200000E+00,+5.052563E+00
+1.202500E+00,+5.134291E+00
+1.205000E+00,+5.280904E+00
+1.207500E+00,+5.087658E+00
+1.210000E+00,+5.004643E+00
+1.212500E+00,+5.024824E+00
+1.215000E+00,+5.199296E+00
+1.217500E+00,+5.048060E+00
+1.220000E+00,+5.116241E+00
+1.222500E+00,+5.157045E+00
+1.225000E+00,+5.175980E+00
+1.227500E+00,+5.199819E+00
+1.230000E+00,+5.058512E+00
+1.232500E+00,+5.108402E+00
+1.235000E+00,+5.129186E+00
+1.237500E+00,+5.154472E+00
+1.240000E+00,+5.039055E+00
+1.242500E+00,+5.079899E+00
+1.245000E+00,+5.019598E+00
+1.247500E+00,+5.180402E+00
+1.250000E+00,+5.120100E+00
+1.252500E+00,+5.149930E+00
+1.255000E+00,+5.069528E+00
+1.257500E+00,+5.059799E+00
+1.260000E+00,+5.020884E+00
+1.262500E+00,+5.266633E+00
+1.265000E+00,+5.039698E+00
+1.267500E+00,+5.204402E+00
+1.270000E+00,+5.137628E+00
+1.272500E+00,+5.092161E+00
+1.275000E+00,+5.134975E+00
+1.277500E+00,+5.079899E+00
+1.280000E+00,+5.096141E+00
+1.282500E+00,+5.140201E+00
+1.285000E+00,+5.144703E+00
+1.287500E+00,+5.114874E+00
+1.290000E+00,+5.142774E+00
+1.292500E+00,+4.999497E+00
+1.295000E+00,+5.075477E+00
+1.297500E+00,+5.063739E+00
+1.300000E+00,+5.237487E+00
+1.302500E+00,+5.148603E+00
+1.305000E+00,+5.100000E+00
+1.307500E+00,+5.055819E+00
+1.310000E+00,+5.171879E+00
+1.312500E+00,+5.037688E+00
+1.315000E+00,+5.154432E+00
+1.317500E+00,+5.139517E+00
+1.320000E+00,+5.153708E+00
+1.322500E+00,+5.069487E+00
+1.325000E+00,+5.050151E+00
+1.327500E+00,+5.079980E+00
+1.330000E+00,+5.054653E+00
+1.332500E+00,+5.189608E+00
+1.335000E+00,+5.095417E+00
+1.337500E+00,+5.100603E+00
+1.340000E+00,+5.054010E+00
+1.342500E+00,+5.098151E+00
+1.345000E+00,+5.072020E+00
+1.347500E+00,+5.082392E+00
+1.350000E+00,+5.127337E+00
+1.352500E+00,+5.237568E+00
+1.355000E+00,+5.042995E+00
+1.357500E+00,+5.140201E+00
+1.360000E+00,+5.039698E+00
+1.362500E+00,+5.112261E+00
+1.365000E+00,+5.102653E+00
+1.367500E+00,+5.152864E+00
+1.370000E+00,+5.158693E+00
+1.372500E+00,+5.085608E+00
+1.375000E+00,+5.057789E+00
+1.377500E+00,+5.062975E+00
+1.380000E+00,+5.212241E+00
+1.382500E+00,+5.100000E+00
+1.385000E+00,+5.196402E+00
+1.387500E+00,+4.990854E+00
+1.390000E+00,+5.057708E+00
+1.392500E+00,+5.017226E+00
+1.395000E+00,+5.163196E+00
+1.397500E+00,+5.126814E+00
+1.400000E+00,+5.119296E+00
+1.402500E+00,+5.094734E+00
+1.405000E+00,+4.999899E+00
+1.407500E+00,+5.064583E+00
+1.410000E+00,+5.181849E+00
+1.412500E+00,+5.064422E+00
+1.415000E+00,+5.219477E+00
+1.417500E+00,+5.105749E+00
+1.420000E+00,+5.092603E+00
+1.422500E+00,+5.087859E+00
+1.425000E+00,+5.078693E+00
+1.427500E+00,+5.078975E+00
+1.430000E+00,+5.100000E+00
+1.432500E+00,+5.156965E+00
+1.435000E+00,+5.025146E+00
+1.437500E+00,+5.148241E+00
+1.440000E+00,+4.999497E+00
+1.442500E+00,+5.120100E+00
+1.445000E+00,+5.097507E+00
+1.447500E+00,+5.228281E+00
+1.450000E+00,+5.125729E+00
+1.452500E+00,+5.140201E+00
+1.455000E+00,+5.090593E+00
+1.457500E+00,+5.068121E+00
+1.460000E+00,+5.093085E+00
+1.462500E+00,+5.279497E+00
+1.465000E+00,+5.147759E+00
+1.467500E+00,+5.077729E+00
+1.470000E+00,+5.097749E+00
+1.472500E+00,+5.079136E+00
+1.475000E+00,+5.142613E+00
+1.477500E+00,+5.119216E+00
+1.480000E+00,+5.160301E+00
+1.482500E+00,+5.019598E+00
+1.485000E+00,+5.084965E+00
+1.487500E+00,+5.019598E+00
+1.490000E+00,+5.220603E+00
+1.492500E+00,+5.061889E+00
+1.495000E+00,+5.016623E+00
+1.497500E+00,+5.019598E+00
+1.500000E+00,+5.160301E+00
+1.502500E+00,+5.077568E+00
+1.505000E+00,+5.086251E+00
+1.507500E+00,+5.031136E+00
+1.510000E+00,+5.093246E+00
+1.512500E+00,+5.112864E+00
+1.515000E+00,+5.079899E+00
+1.517500E+00,+5.059799E+00
+1.520000E+00,+5.025065E+00
+1.522500E+00,+5.260804E+00
+1.525000E+00,+5.062613E+00
+1.527500E+00,+5.012322E+00
+1.530000E+00,+5.043879E+00
+1.532500E+00,+5.120100E+00
+1.535000E+00,+5.064543E+00
+1.537500E+00,+5.053367E+00
+1.540000E+00,+5.161749E+00
+1.542500E+00,+5.023337E+00
+1.545000E+00,+5.450633E+00
+1.547500E+00,+5.463940E+00
+1.550000E+00,+5.458593E+00
+1.552500E+00,+5.477528E+00
+1.555000E+00,+5.481909E+00
+1.557500E+00,+5.447055E+00
+1.560000E+00,+5.481588E+00
+1.562500E+00,+5.471859E+00
+1.565000E+00,+5.482231E+00
+1.567500E+00,+5.491316E+00
+1.570000E+00,+5.461809E+00
+1.572500E+00,+5.461809E+00
+1.575000E+00,+5.545427E+00
+1.577500E+00,+5.518050E+00
+1.580000E+00,+5.520985E+00
+1.582500E+00,+5.488221E+00
+1.585000E+00,+5.507718E+00
+1.587500E+00,+5.475075E+00
+1.590000E+00,+5.465347E+00
+1.592500E+00,+5.501246E+00
+1.595000E+00,+5.481909E+00
+1.597500E+00,+5.461809E+00
+1.600000E+00,+5.519698E+00
+1.602500E+00,+5.509608E+00
+1.605000E+00,+5.489226E+00
+1.607500E+00,+5.535819E+00
+1.610000E+00,+5.505065E+00
+1.612500E+00,+5.481909E+00
+1.615000E+00,+5.495256E+00
+1.617500E+00,+5.464784E+00
+1.620000E+00,+5.531115E+00
+1.622500E+00,+5.553427E+00
+1.625000E+00,+5.576382E+00
+1.627500E+00,+5.581568E+00
+1.630000E+00,+5.566653E+00
+1.632500E+00,+5.602512E+00
+1.635000E+00,+5.577025E+00
+1.637500E+00,+5.622412E+00
+1.640000E+00,+5.602512E+00
+1.642500E+00,+5.612442E+00
+1.645000E+00,+5.582412E+00
+1.647500E+00,+5.581970E+00
+1.650000E+00,+5.602512E+00
+1.652500E+00,+5.580884E+00
+1.655000E+00,+5.586512E+00
+1.657500E+00,+5.562311E+00
+1.660000E+00,+5.596241E+00
+1.662500E+00,+5.591055E+00
+1.665000E+00,+5.569226E+00
+1.667500E+00,+5.564040E+00
+1.670000E+00,+5.608784E+00
+1.672500E+00,+5.578311E+00
+1.675000E+00,+5.605327E+00
+1.677500E+00,+5.624985E+00
+1.680000E+00,+5.594955E+00
+1.682500E+00,+5.602512E+00
+1.685000E+00,+5.604683E+00
+1.687500E+00,+5.548241E+00
+1.690000E+00,+5.602512E+00
+1.692500E+00,+5.589126E+00
+1.695000E+00,+5.619558E+00
+1.697500E+00,+5.562311E+00
+1.700000E+00,+5.584824E+00
+1.702500E+00,+5.610472E+00
+1.705000E+00,+5.582412E+00
+1.707500E+00,+5.622613E+00
+1.710000E+00,+5.593025E+00
+1.712500E+00,+5.602512E+00
+1.715000E+00,+5.582894E+00
+1.717500E+00,+5.572523E+00
+1.720000E+00,+5.612482E+00
+1.722500E+00,+5.587196E+00
+1.725000E+00,+5.602110E+00
+1.727500E+00,+5.593588E+00
+1.730000E+00,+5.613286E+00
+1.732500E+00,+5.594231E+00
+1.735000E+00,+5.620523E+00
+1.737500E+00,+5.554673E+00
+1.740000E+00,+5.642713E+00
+1.742500E+00,+5.619115E+00
+1.745000E+00,+5.637648E+00
+1.747500E+00,+5.635316E+00
+1.750000E+00,+5.610553E+00
+1.752500E+00,+5.585266E+00
+1.755000E+00,+5.635718E+00
+1.757500E+00,+5.602512E+00
+1.760000E+00,+5.589809E+00
+1.762500E+00,+5.656181E+00
+1.765000E+00,+5.593588E+00
+1.767500E+00,+5.602512E+00
+1.770000E+00,+5.609266E+00
+1.772500E+00,+5.621045E+00
+1.775000E+00,+5.626231E+00
+1.777500E+00,+5.579920E+00
+1.780000E+00,+5.596402E+00
+1.782500E+00,+5.566010E+00
+1.785000E+00,+5.638452E+00
+1.787500E+00,+5.611960E+00
+1.790000E+00,+5.582412E+00
+1.792500E+00,+5.603075E+00
+1.795000E+00,+5.617708E+00
+1.797500E+00,+5.602593E+00
+1.800000E+00,+5.633065E+00
+1.802500E+00,+5.622251E+00
+1.805000E+00,+5.602512E+00
+1.807500E+00,+5.594512E+00
+1.810000E+00,+5.586593E+00
+1.812500E+00,+5.603517E+00
+1.815000E+00,+5.602512E+00
+1.817500E+00,+5.591136E+00
+1.820000E+00,+5.619075E+00
+1.822500E+00,+5.620965E+00
+1.825000E+00,+5.629045E+00
+1.827500E+00,+5.598573E+00
+1.830000E+00,+5.585306E+00
+1.832500E+00,+5.600221E+00
+1.835000E+00,+5.617467E+00
+1.837500E+00,+5.620402E+00
+1.840000E+00,+5.622613E+00
+1.842500E+00,+5.619678E+00
+1.845000E+00,+5.594392E+00
+1.847500E+00,+5.615819E+00
+1.850000E+00,+5.622613E+00
+1.852500E+00,+5.589568E+00
+1.855000E+00,+5.602512E+00
+1.857500E+00,+5.642713E+00
+1.860000E+00,+5.621648E+00
+1.862500E+00,+5.610955E+00
+1.865000E+00,+5.633306E+00
+1.867500E+00,+5.631698E+00
+1.870000E+00,+5.563276E+00
+1.872500E+00,+5.637849E+00
+1.875000E+00,+5.622613E+00
+1.877500E+00,+5.592141E+00
+1.880000E+00,+5.602834E+00
+1.882500E+00,+5.637206E+00
+1.885000E+00,+5.613206E+00
+1.887500E+00,+5.602512E+00
+1.890000E+00,+5.642713E+00
+1.892500E+00,+5.608663E+00
+1.895000E+00,+5.582412E+00
+1.897500E+00,+5.598935E+00
+1.900000E+00,+5.600904E+00
+1.902500E+00,+5.609306E+00
+1.905000E+00,+5.618754E+00
+1.907500E+00,+5.591216E+00
+1.910000E+00,+5.602512E+00
+1.912500E+00,+5.630050E+00
+1.915000E+00,+5.609990E+00
+1.917500E+00,+5.586995E+00
+1.920000E+00,+5.608301E+00
+1.922500E+00,+5.626553E+00
+1.925000E+00,+5.615779E+00
+1.927500E+00,+5.585708E+00
+1.930000E+00,+5.606050E+00
+1.932500E+00,+5.642713E+00
+1.935000E+00,+5.602512E+00
+1.937500E+00,+5.640703E+00
+1.940000E+00,+5.654452E+00
+1.942500E+00,+5.613246E+00
+1.945000E+00,+5.602512E+00
+1.947500E+00,+5.642352E+00
+1.950000E+00,+5.582412E+00
+1.952500E+00,+5.612603E+00
+1.955000E+00,+5.627517E+00
+1.957500E+00,+5.661407E+00
+1.960000E+00,+5.622613E+00
+1.962500E+00,+5.603719E+00
+1.965000E+00,+5.642713E+00
+1.967500E+00,+5.641789E+00
+1.970000E+00,+5.636603E+00
+1.972500E+00,+5.613809E+00
+1.975000E+00,+5.635477E+00
+1.977500E+00,+5.624181E+00
+1.980000E+00,+5.609266E+00
+1.982500E+00,+5.610673E+00
+1.985000E+00,+5.625588E+00
+1.987500E+00,+5.642713E+00
+1.990000E+00,+5.642713E+00
+1.992500E+00,+5.635196E+00
+1.995000E+00,+5.645045E+00
+1.997500E+00,+5.639859E+00
+2.000000E+00,+5.618593E+00
+2.002500E+00,+5.662291E+00
+2.005000E+00,+5.605889E+00
+2.007500E+00,+5.613005E+00
+2.010000E+00,+5.611196E+00
+2.012500E+00,+5.630251E+00
+2.015000E+00,+5.639578E+00
+2.017500E+00,+5.674633E+00
+2.020000E+00,+5.621166E+00
+2.022500E+00,+5.628201E+00
+2.025000E+00,+5.622211E+00
+2.027500E+00,+5.587196E+00
+2.030000E+00,+5.642874E+00
+2.032500E+00,+5.622613E+00
+2.035000E+00,+5.642472E+00
+2.037500E+00,+5.648141E+00
+2.040000E+00,+5.633226E+00
+2.042500E+00,+5.654211E+00
+2.045000E+00,+5.605166E+00
+2.047500E+00,+5.650673E+00
+2.050000E+00,+5.611357E+00
+2.052500E+00,+5.635397E+00
+2.055000E+00,+5.644241E+00
+2.057500E+00,+5.649387E+00
+2.060000E+00,+5.598814E+00
+2.062500E+00,+5.642713E+00
+2.065000E+00,+5.642713E+00
+2.067500E+00,+5.640744E+00
+2.070000E+00,+5.660241E+00
+2.072500E+00,+5.600141E+00
+2.075000E+00,+5.608141E+00
+2.077500E+00,+5.622613E+00
+2.080000E+00,+5.622613E+00
+2.082500E+00,+5.640985E+00
+2.085000E+00,+5.642713E+00
+2.087500E+00,+5.634070E+00
+2.090000E+00,+5.642713E+00
+2.092500E+00,+5.624784E+00
+2.095000E+00,+5.622613E+00
+2.097500E+00,+5.641186E+00
+2.100000E+00,+5.637085E+00
+2.102500E+00,+5.643156E+00
+2.105000E+00,+5.627357E+00
+2.107500E+00,+5.653126E+00
+2.110000E+00,+5.662814E+00
+2.112500E+00,+5.622814E+00
+2.115000E+00,+5.597126E+00
+2.117500E+00,+5.633186E+00
+2.120000E+00,+5.606854E+00
+2.122500E+00,+5.623457E+00
+2.125000E+00,+5.620603E+00
+2.127500E+00,+5.633829E+00
+2.130000E+00,+5.630010E+00
+2.132500E+00,+5.644201E+00
+2.135000E+00,+5.662814E+00
+2.137500E+00,+5.614372E+00
+2.140000E+00,+5.636603E+00
+2.142500E+00,+5.606774E+00
+2.145000E+00,+5.668281E+00
+2.147500E+00,+5.635115E+00
+2.150000E+00,+5.604925E+00
+2.152500E+00,+5.637166E+00
+2.155000E+00,+5.634754E+00
+2.157500E+00,+5.608703E+00
+2.160000E+00,+5.644482E+00
+2.162500E+00,+5.626030E+00
+2.165000E+00,+5.665708E+00
+2.167500E+00,+5.649025E+00
+2.170000E+00,+5.604764E+00
+2.172500E+00,+5.606573E+00
+2.175000E+00,+5.651960E+00
+2.177500E+00,+5.642713E+00
+2.180000E+00,+5.624060E+00
+2.182500E+00,+5.642713E+00
+2.185000E+00,+5.642713E+00
+2.187500E+00,+5.642713E+00
+2.190000E+00,+5.662653E+00
+2.192500E+00,+5.642713E+00
+2.195000E+00,+5.613045E+00
+2.197500E+00,+5.626995E+00
+2.200000E+00,+5.623417E+00
+2.202500E+00,+5.670935E+00
+2.205000E+00,+5.620362E+00
+2.207500E+00,+5.642713E+00
+2.210000E+00,+5.621166E+00
+2.212500E+00,+5.622412E+00
+2.215000E+00,+5.642713E+00
+2.217500E+00,+5.636523E+00
+2.220000E+00,+5.624703E+00
+2.222500E+00,+5.629889E+00
+2.225000E+00,+5.627437E+00
+2.227500E+00,+5.625065E+00
+2.230000E+00,+5.602512E+00
+2.232500E+00,+5.610432E+00
+2.235000E+00,+5.661930E+00
+2.237500E+00,+5.626231E+00
+2.240000E+00,+5.622613E+00
+2.242500E+00,+5.639739E+00
+2.245000E+00,+5.636362E+00
+2.247500E+00,+5.643879E+00
+2.250000E+00,+5.674874E+00
+2.252500E+00,+5.620925E+00
+2.255000E+00,+5.593829E+00
+2.257500E+00,+5.643236E+00
+2.260000E+00,+5.622613E+00
+2.262500E+00,+5.602512E+00
+2.265000E+00,+5.632583E+00
+2.267500E+00,+5.622854E+00
+2.270000E+00,+5.593025E+00
+2.272500E+00,+5.633105E+00
+2.275000E+00,+5.627035E+00
+2.277500E+00,+5.622613E+00
+2.280000E+00,+5.628563E+00
+2.282500E+00,+5.664985E+00
+2.285000E+00,+5.606291E+00
+2.287500E+00,+5.585226E+00
+2.290000E+00,+5.662814E+00
+2.292500E+00,+5.662814E+00
+2.295000E+00,+5.642713E+00
+2.297500E+00,+5.660764E+00
+2.300000E+00,+5.635477E+00
+2.302500E+00,+5.650392E+00
+2.305000E+00,+5.660322E+00
+2.307500E+00,+5.625306E+00
+2.310000E+00,+5.602512E+00
+2.312500E+00,+5.642713E+00
+2.315000E+00,+5.677367E+00
+2.317500E+00,+5.609186E+00
+2.320000E+00,+5.625668E+00
+2.322500E+00,+5.636322E+00
+2.325000E+00,+5.607337E+00
+2.327500E+00,+5.626593E+00
+2.330000E+00,+5.640945E+00
+2.332500E+00,+5.636965E+00
+2.335000E+00,+5.643276E+00
+2.337500E+00,+5.638090E+00
+2.340000E+00,+5.653005E+00
+2.342500E+00,+5.627718E+00
+2.345000E+00,+5.642794E+00
+2.347500E+00,+5.642713E+00
+2.350000E+00,+5.622613E+00
+2.352500E+00,+5.622613E+00
+2.355000E+00,+5.642713E+00
+2.357500E+00,+5.608422E+00
+2.360000E+00,+5.660724E+00
+2.362500E+00,+5.642713E+00
+2.365000E+00,+5.660080E+00
+2.367500E+00,+5.655819E+00
+2.370000E+00,+5.646090E+00
+2.372500E+00,+5.639538E+00
+2.375000E+00,+5.624623E+00
+2.377500E+00,+5.649909E+00
+2.380000E+00,+5.610231E+00
+2.382500E+00,+5.640181E+00
+2.385000E+00,+5.627920E+00
+2.387500E+00,+5.654975E+00
+2.390000E+00,+5.641588E+00
+2.392500E+00,+5.644603E+00
+2.395000E+00,+5.642713E+00
+2.397500E+00,+5.625749E+00
+2.400000E+00,+5.642713E+00
+2.402500E+00,+5.643960E+00
+2.405000E+00,+5.622613E+00
+2.407500E+00,+5.646412E+00
+2.410000E+00,+5.634191E+00
+2.412500E+00,+5.642713E+00
+2.415000E+00,+5.607095E+00
+2.417500E+00,+5.662814E+00
+2.420000E+00,+5.667477E+00
+2.422500E+00,+5.642673E+00
+2.425000E+00,+5.633065E+00
+2.427500E+00,+5.642713E+00
+2.430000E+00,+5.678412E+00
+2.432500E+00,+5.644080E+00
+2.435000E+00,+5.634352E+00
+2.437500E+00,+5.651759E+00
+2.440000E+00,+5.650432E+00
+2.442500E+00,+5.605166E+00
+2.445000E+00,+5.642713E+00
+2.447500E+00,+5.662814E+00
+2.450000E+00,+5.625829E+00
+2.452500E+00,+5.644683E+00
+2.455000E+00,+5.636925E+00
+2.457500E+00,+5.627196E+00
+2.460000E+00,+5.657668E+00
+2.462500E+00,+5.677688E+00
+2.465000E+00,+5.614814E+00
+2.467500E+00,+5.662814E+00
+2.470000E+00,+5.606372E+00
+2.472500E+00,+5.629126E+00
+2.475000E+00,+5.668040E+00
+2.477500E+00,+5.642713E+00
+2.480000E+00,+5.642713E+00
+2.482500E+00,+5.666713E+00
+2.485000E+00,+5.680985E+00
+2.487500E+00,+5.636884E+00
+2.490000E+00,+5.623899E+00
+2.492500E+00,+5.653729E+00
+2.495000E+00,+5.652442E+00
+2.497500E+00,+5.653085E+00
